"stationName","basin","waterLevel","datetime_UTC","localDateTime","unit","warningLevel","dangerLevel","longitude","latitude"
"Bagmati River at Sundarijal","Bagmati","0.78","2019-07-18 18:15:00","2019-07-19 00:00:00","m",2.3,2.8,"27.774022","85.425821"
"Bagmati River at Sundarijal","Bagmati","0.79","2019-07-18 19:00:00","2019-07-19 00:45:00","m",2.3,2.8,"27.774022","85.425821"
"Bagmati River at Sundarijal","Bagmati","0.79","2019-07-18 19:30:00","2019-07-19 01:15:00","m",2.3,2.8,"27.774022","85.425821"
"Bagmati River at Sundarijal","Bagmati","0.79","2019-07-18 19:30:00","2019-07-19 01:15:00","m",2.3,2.8,"27.774022","85.425821"
"Bagmati River at Sundarijal","Bagmati","0.81","2019-07-18 20:00:00","2019-07-19 01:45:00","m",2.3,2.8,"27.774022","85.425821"
"Bagmati River at Sundarijal","Bagmati","0.81","2019-07-18 20:00:00","2019-07-19 01:45:00","m",2.3,2.8,"27.774022","85.425821"
"Bagmati River at Sundarijal","Bagmati","0.86","2019-07-18 21:15:00","2019-07-19 03:00:00","m",2.3,2.8,"27.774022","85.425821"
"Bagmati River at Sundarijal","Bagmati","0.81","2019-07-18 22:30:00","2019-07-19 04:15:00","m",2.3,2.8,"27.774022","85.425821"
"Bagmati River at Sundarijal","Bagmati","0.81","2019-07-18 22:30:00","2019-07-19 04:15:00","m",2.3,2.8,"27.774022","85.425821"
"Bagmati River at Sundarijal","Bagmati","0.80","2019-07-18 23:15:00","2019-07-19 05:00:00","m",2.3,2.8,"27.774022","85.425821"
"Bagmati River at Sundarijal","Bagmati","0.80","2019-07-18 23:30:00","2019-07-19 05:15:00","m",2.3,2.8,"27.774022","85.425821"
"Bagmati River at Sundarijal","Bagmati","0.80","2019-07-18 23:45:00","2019-07-19 05:30:00","m",2.3,2.8,"27.774022","85.425821"
"Bagmati River at Sundarijal","Bagmati","0.79","2019-07-19 01:00:00","2019-07-19 06:45:00","m",2.3,2.8,"27.774022","85.425821"
"Bagmati River at Sundarijal","Bagmati","0.79","2019-07-19 03:00:00","2019-07-19 08:45:00","m",2.3,2.8,"27.774022","85.425821"
"Bagmati River at Sundarijal","Bagmati","0.79","2019-07-19 03:30:00","2019-07-19 09:15:00","m",2.3,2.8,"27.774022","85.425821"
"Bagmati River at Sundarijal","Bagmati","0.79","2019-07-19 04:00:00","2019-07-19 09:45:00","m",2.3,2.8,"27.774022","85.425821"
"Bagmati River at Sundarijal","Bagmati","0.79","2019-07-19 04:15:00","2019-07-19 10:00:00","m",2.3,2.8,"27.774022","85.425821"
"Bagmati River at Sundarijal","Bagmati","0.79","2019-07-19 05:00:00","2019-07-19 10:45:00","m",2.3,2.8,"27.774022","85.425821"
"Bagmati River at Sundarijal","Bagmati","0.78","2019-07-19 06:00:00","2019-07-19 11:45:00","m",2.3,2.8,"27.774022","85.425821"
"Bagmati River at Sundarijal","Bagmati","0.78","2019-07-19 07:00:00","2019-07-19 12:45:00","m",2.3,2.8,"27.774022","85.425821"
"Bagmati River at Sundarijal","Bagmati","0.78","2019-07-19 07:30:00","2019-07-19 13:15:00","m",2.3,2.8,"27.774022","85.425821"
"Bagmati River at Sundarijal","Bagmati","0.79","2019-07-19 07:45:00","2019-07-19 13:30:00","m",2.3,2.8,"27.774022","85.425821"
"Bagmati River at Sundarijal","Bagmati","0.78","2019-07-19 08:15:00","2019-07-19 14:00:00","m",2.3,2.8,"27.774022","85.425821"
"Bagmati River at Sundarijal","Bagmati","0.78","2019-07-19 08:30:00","2019-07-19 14:15:00","m",2.3,2.8,"27.774022","85.425821"
"Bagmati River at Sundarijal","Bagmati","0.78","2019-07-19 09:30:00","2019-07-19 15:15:00","m",2.3,2.8,"27.774022","85.425821"
"Bagmati River at Sundarijal","Bagmati","0.83","2019-07-19 11:30:00","2019-07-19 17:15:00","m",2.3,2.8,"27.774022","85.425821"
"Bagmati River at Sundarijal","Bagmati","0.82","2019-07-19 11:45:00","2019-07-19 17:30:00","m",2.3,2.8,"27.774022","85.425821"
"Bagmati River at Sundarijal","Bagmati","0.81","2019-07-19 12:00:00","2019-07-19 17:45:00","m",2.3,2.8,"27.774022","85.425821"
"Bagmati River at Sundarijal","Bagmati","0.78","2019-07-19 14:15:00","2019-07-19 20:00:00","m",2.3,2.8,"27.774022","85.425821"
"Bagmati River at Sundarijal","Bagmati","0.78","2019-07-19 14:45:00","2019-07-19 20:30:00","m",2.3,2.8,"27.774022","85.425821"
"Bagmati River at Sundarijal","Bagmati","0.78","2019-07-19 16:30:00","2019-07-19 22:15:00","m",2.3,2.8,"27.774022","85.425821"
"Bagmati River at Sundarijal","Bagmati","0.78","2019-07-19 16:45:00","2019-07-19 22:30:00","m",2.3,2.8,"27.774022","85.425821"
"Bagmati River at Sundarijal","Bagmati","0.79","2019-07-19 17:30:00","2019-07-19 23:15:00","m",2.3,2.8,"27.774022","85.425821"
"Bagmati River at Sundarijal","Bagmati","0.82","2019-07-19 18:30:00","2019-07-20 00:15:00","m",2.3,2.8,"27.774022","85.425821"
"Bagmati River at Sundarijal","Bagmati","0.81","2019-07-19 19:30:00","2019-07-20 01:15:00","m",2.3,2.8,"27.774022","85.425821"
"Bagmati River at Sundarijal","Bagmati","0.80","2019-07-19 20:30:00","2019-07-20 02:15:00","m",2.3,2.8,"27.774022","85.425821"
"Bagmati River at Sundarijal","Bagmati","0.80","2019-07-19 20:30:00","2019-07-20 02:15:00","m",2.3,2.8,"27.774022","85.425821"
"Bagmati River at Sundarijal","Bagmati","0.79","2019-07-19 20:45:00","2019-07-20 02:30:00","m",2.3,2.8,"27.774022","85.425821"
"Bagmati River at Sundarijal","Bagmati","0.79","2019-07-19 21:30:00","2019-07-20 03:15:00","m",2.3,2.8,"27.774022","85.425821"
"Bagmati River at Sundarijal","Bagmati","0.79","2019-07-19 22:30:00","2019-07-20 04:15:00","m",2.3,2.8,"27.774022","85.425821"
"Bagmati River at Sundarijal","Bagmati","0.78","2019-07-19 23:45:00","2019-07-20 05:30:00","m",2.3,2.8,"27.774022","85.425821"
"Bagmati River at Sundarijal","Bagmati","0.78","2019-07-20 00:15:00","2019-07-20 06:00:00","m",2.3,2.8,"27.774022","85.425821"
"Bagmati River at Sundarijal","Bagmati","0.78","2019-07-20 00:30:00","2019-07-20 06:15:00","m",2.3,2.8,"27.774022","85.425821"
"Bagmati River at Sundarijal","Bagmati","0.78","2019-07-20 00:30:00","2019-07-20 06:15:00","m",2.3,2.8,"27.774022","85.425821"
"Bagmati River at Sundarijal","Bagmati","0.78","2019-07-20 01:00:00","2019-07-20 06:45:00","m",2.3,2.8,"27.774022","85.425821"
"Bagmati River at Sundarijal","Bagmati","0.78","2019-07-20 01:15:00","2019-07-20 07:00:00","m",2.3,2.8,"27.774022","85.425821"
"Bagmati River at Sundarijal","Bagmati","0.78","2019-07-20 02:00:00","2019-07-20 07:45:00","m",2.3,2.8,"27.774022","85.425821"
"Bagmati River at Sundarijal","Bagmati","0.78","2019-07-20 02:15:00","2019-07-20 08:00:00","m",2.3,2.8,"27.774022","85.425821"
"Bagmati River at Sundarijal","Bagmati","0.79","2019-07-20 03:45:00","2019-07-20 09:30:00","m",2.3,2.8,"27.774022","85.425821"
"Bagmati River at Sundarijal","Bagmati","0.79","2019-07-20 04:00:00","2019-07-20 09:45:00","m",2.3,2.8,"27.774022","85.425821"
"Bagmati River at Sundarijal","Bagmati","0.79","2019-07-20 04:15:00","2019-07-20 10:00:00","m",2.3,2.8,"27.774022","85.425821"
"Bagmati River at Sundarijal","Bagmati","0.78","2019-07-20 04:30:00","2019-07-20 10:15:00","m",2.3,2.8,"27.774022","85.425821"
"Bagmati River at Sundarijal","Bagmati","0.78","2019-07-20 04:45:00","2019-07-20 10:30:00","m",2.3,2.8,"27.774022","85.425821"
"Bagmati River at Sundarijal","Bagmati","0.78","2019-07-20 05:30:00","2019-07-20 11:15:00","m",2.3,2.8,"27.774022","85.425821"
"Bagmati River at Sundarijal","Bagmati","0.78","2019-07-20 05:30:00","2019-07-20 11:15:00","m",2.3,2.8,"27.774022","85.425821"
"Bagmati River at Sundarijal","Bagmati","0.78","2019-07-20 05:30:00","2019-07-20 11:15:00","m",2.3,2.8,"27.774022","85.425821"
"Bagmati River at Sundarijal","Bagmati","0.78","2019-07-20 06:00:00","2019-07-20 11:45:00","m",2.3,2.8,"27.774022","85.425821"
"Bagmati River at Sundarijal","Bagmati","0.78","2019-07-20 06:15:00","2019-07-20 12:00:00","m",2.3,2.8,"27.774022","85.425821"
"Bagmati River at Sundarijal","Bagmati","0.78","2019-07-20 06:30:00","2019-07-20 12:15:00","m",2.3,2.8,"27.774022","85.425821"
"Bagmati River at Sundarijal","Bagmati","0.78","2019-07-20 08:15:00","2019-07-20 14:00:00","m",2.3,2.8,"27.774022","85.425821"
"Bagmati River at Sundarijal","Bagmati","0.78","2019-07-20 09:00:00","2019-07-20 14:45:00","m",2.3,2.8,"27.774022","85.425821"
"Bagmati River at Sundarijal","Bagmati","0.79","2019-07-20 09:30:00","2019-07-20 15:15:00","m",2.3,2.8,"27.774022","85.425821"
"Bagmati River at Sundarijal","Bagmati","0.79","2019-07-20 09:30:00","2019-07-20 15:15:00","m",2.3,2.8,"27.774022","85.425821"
"Bagmati River at Sundarijal","Bagmati","0.78","2019-07-20 09:45:00","2019-07-20 15:30:00","m",2.3,2.8,"27.774022","85.425821"
"Bagmati River at Sundarijal","Bagmati","0.78","2019-07-20 10:45:00","2019-07-20 16:30:00","m",2.3,2.8,"27.774022","85.425821"
"Bagmati River at Sundarijal","Bagmati","0.78","2019-07-20 11:00:00","2019-07-20 16:45:00","m",2.3,2.8,"27.774022","85.425821"
"Bagmati River at Sundarijal","Bagmati","0.78","2019-07-20 11:30:00","2019-07-20 17:15:00","m",2.3,2.8,"27.774022","85.425821"
"Bagmati River at Sundarijal","Bagmati","0.78","2019-07-20 11:45:00","2019-07-20 17:30:00","m",2.3,2.8,"27.774022","85.425821"
"Bagmati River at Sundarijal","Bagmati","0.78","2019-07-20 12:00:00","2019-07-20 17:45:00","m",2.3,2.8,"27.774022","85.425821"
"Bagmati River at Sundarijal","Bagmati","0.77","2019-07-20 13:00:00","2019-07-20 18:45:00","m",2.3,2.8,"27.774022","85.425821"
"Bagmati River at Sundarijal","Bagmati","0.77","2019-07-20 13:45:00","2019-07-20 19:30:00","m",2.3,2.8,"27.774022","85.425821"
"Bagmati River at Sundarijal","Bagmati","0.78","2019-07-20 15:00:00","2019-07-20 20:45:00","m",2.3,2.8,"27.774022","85.425821"
"Bagmati River at Sundarijal","Bagmati","0.91","2019-07-20 15:45:00","2019-07-20 21:30:00","m",2.3,2.8,"27.774022","85.425821"
"Bagmati River at Sundarijal","Bagmati","0.88","2019-07-20 16:15:00","2019-07-20 22:00:00","m",2.3,2.8,"27.774022","85.425821"
"Bagmati River at Sundarijal","Bagmati","0.86","2019-07-20 16:45:00","2019-07-20 22:30:00","m",2.3,2.8,"27.774022","85.425821"
"Bagmati River at Sundarijal","Bagmati","0.94","2019-07-20 17:45:00","2019-07-20 23:30:00","m",2.3,2.8,"27.774022","85.425821"
"Bagmati River at Sundarijal","Bagmati","0.91","2019-07-20 18:15:00","2019-07-21 00:00:00","m",2.3,2.8,"27.774022","85.425821"
"Bagmati River at Sundarijal","Bagmati","0.89","2019-07-20 18:45:00","2019-07-21 00:30:00","m",2.3,2.8,"27.774022","85.425821"
"Bagmati River at Sundarijal","Bagmati","0.84","2019-07-20 20:45:00","2019-07-21 02:30:00","m",2.3,2.8,"27.774022","85.425821"
"Bagmati River at Sundarijal","Bagmati","0.84","2019-07-20 20:45:00","2019-07-21 02:30:00","m",2.3,2.8,"27.774022","85.425821"
"Bagmati River at Sundarijal","Bagmati","0.83","2019-07-20 21:15:00","2019-07-21 03:00:00","m",2.3,2.8,"27.774022","85.425821"
"Bagmati River at Sundarijal","Bagmati","0.83","2019-07-20 22:00:00","2019-07-21 03:45:00","m",2.3,2.8,"27.774022","85.425821"
"Bagmati River at Sundarijal","Bagmati","0.82","2019-07-20 23:00:00","2019-07-21 04:45:00","m",2.3,2.8,"27.774022","85.425821"
"Bagmati River at Sundarijal","Bagmati","0.82","2019-07-20 23:30:00","2019-07-21 05:15:00","m",2.3,2.8,"27.774022","85.425821"
"Bagmati River at Sundarijal","Bagmati","0.82","2019-07-20 23:45:00","2019-07-21 05:30:00","m",2.3,2.8,"27.774022","85.425821"
"Bagmati River at Sundarijal","Bagmati","0.82","2019-07-20 23:45:00","2019-07-21 05:30:00","m",2.3,2.8,"27.774022","85.425821"
"Bagmati River at Sundarijal","Bagmati","0.82","2019-07-20 23:45:00","2019-07-21 05:30:00","m",2.3,2.8,"27.774022","85.425821"
"Bagmati River at Sundarijal","Bagmati","0.82","2019-07-21 00:15:00","2019-07-21 06:00:00","m",2.3,2.8,"27.774022","85.425821"
"Bagmati River at Sundarijal","Bagmati","0.81","2019-07-21 01:30:00","2019-07-21 07:15:00","m",2.3,2.8,"27.774022","85.425821"
"Bagmati River at Sundarijal","Bagmati","0.81","2019-07-21 02:00:00","2019-07-21 07:45:00","m",2.3,2.8,"27.774022","85.425821"
"Bagmati River at Sundarijal","Bagmati","0.81","2019-07-21 02:15:00","2019-07-21 08:00:00","m",2.3,2.8,"27.774022","85.425821"
"Bagmati River at Sundarijal","Bagmati","0.81","2019-07-21 02:45:00","2019-07-21 08:30:00","m",2.3,2.8,"27.774022","85.425821"
"Bagmati River at Sundarijal","Bagmati","0.81","2019-07-21 04:15:00","2019-07-21 10:00:00","m",2.3,2.8,"27.774022","85.425821"
"Bagmati River at Sundarijal","Bagmati","0.81","2019-07-21 04:30:00","2019-07-21 10:15:00","m",2.3,2.8,"27.774022","85.425821"
"Bagmati River at Sundarijal","Bagmati","0.80","2019-07-21 04:45:00","2019-07-21 10:30:00","m",2.3,2.8,"27.774022","85.425821"
"Bagmati River at Sundarijal","Bagmati","0.80","2019-07-21 05:00:00","2019-07-21 10:45:00","m",2.3,2.8,"27.774022","85.425821"
"Bagmati River at Sundarijal","Bagmati","0.80","2019-07-21 05:00:00","2019-07-21 10:45:00","m",2.3,2.8,"27.774022","85.425821"
"Bagmati River at Sundarijal","Bagmati","0.80","2019-07-21 05:15:00","2019-07-21 11:00:00","m",2.3,2.8,"27.774022","85.425821"
"Bagmati River at Sundarijal","Bagmati","0.80","2019-07-21 05:30:00","2019-07-21 11:15:00","m",2.3,2.8,"27.774022","85.425821"
"Bagmati River at Sundarijal","Bagmati","0.80","2019-07-21 05:45:00","2019-07-21 11:30:00","m",2.3,2.8,"27.774022","85.425821"
"Bagmati River at Sundarijal","Bagmati","0.80","2019-07-21 07:30:00","2019-07-21 13:15:00","m",2.3,2.8,"27.774022","85.425821"
"Bagmati River at Sundarijal","Bagmati","0.80","2019-07-21 08:15:00","2019-07-21 14:00:00","m",2.3,2.8,"27.774022","85.425821"
"Bagmati River at Sundarijal","Bagmati","0.80","2019-07-21 08:45:00","2019-07-21 14:30:00","m",2.3,2.8,"27.774022","85.425821"
"Bagmati River at Sundarijal","Bagmati","0.80","2019-07-21 09:30:00","2019-07-21 15:15:00","m",2.3,2.8,"27.774022","85.425821"
"Bagmati River at Sundarijal","Bagmati","0.80","2019-07-21 10:00:00","2019-07-21 15:45:00","m",2.3,2.8,"27.774022","85.425821"
"Bagmati River at Sundarijal","Bagmati","0.79","2019-07-21 11:45:00","2019-07-21 17:30:00","m",2.3,2.8,"27.774022","85.425821"
"Bagmati River at Sundarijal","Bagmati","0.80","2019-07-21 12:00:00","2019-07-21 17:45:00","m",2.3,2.8,"27.774022","85.425821"
"Bagmati River at Sundarijal","Bagmati","0.80","2019-07-21 12:15:00","2019-07-21 18:00:00","m",2.3,2.8,"27.774022","85.425821"
"Bagmati River at Sundarijal","Bagmati","0.79","2019-07-21 13:00:00","2019-07-21 18:45:00","m",2.3,2.8,"27.774022","85.425821"
"Bagmati River at Sundarijal","Bagmati","0.79","2019-07-21 13:45:00","2019-07-21 19:30:00","m",2.3,2.8,"27.774022","85.425821"
"Bagmati River at Sundarijal","Bagmati","0.79","2019-07-21 14:45:00","2019-07-21 20:30:00","m",2.3,2.8,"27.774022","85.425821"
"Bagmati River at Sundarijal","Bagmati","0.79","2019-07-21 14:45:00","2019-07-21 20:30:00","m",2.3,2.8,"27.774022","85.425821"
"Bagmati River at Sundarijal","Bagmati","0.79","2019-07-21 15:45:00","2019-07-21 21:30:00","m",2.3,2.8,"27.774022","85.425821"
"Bagmati River at Sundarijal","Bagmati","0.79","2019-07-21 15:45:00","2019-07-21 21:30:00","m",2.3,2.8,"27.774022","85.425821"
"Bagmati River at Sundarijal","Bagmati","0.79","2019-07-21 16:30:00","2019-07-21 22:15:00","m",2.3,2.8,"27.774022","85.425821"
"Bagmati River at Sundarijal","Bagmati","0.79","2019-07-21 16:45:00","2019-07-21 22:30:00","m",2.3,2.8,"27.774022","85.425821"
"Bagmati River at Sundarijal","Bagmati","0.79","2019-07-21 17:15:00","2019-07-21 23:00:00","m",2.3,2.8,"27.774022","85.425821"
"Bagmati River at Sundarijal","Bagmati","0.79","2019-07-21 17:30:00","2019-07-21 23:15:00","m",2.3,2.8,"27.774022","85.425821"
"Bagmati River at Sundarijal","Bagmati","0.79","2019-07-21 18:30:00","2019-07-22 00:15:00","m",2.3,2.8,"27.774022","85.425821"
"Bagmati River at Sundarijal","Bagmati","0.78","2019-07-21 20:30:00","2019-07-22 02:15:00","m",2.3,2.8,"27.774022","85.425821"
"Bagmati River at Sundarijal","Bagmati","0.79","2019-07-21 22:45:00","2019-07-22 04:30:00","m",2.3,2.8,"27.774022","85.425821"
"Bagmati River at Sundarijal","Bagmati","0.78","2019-07-21 23:15:00","2019-07-22 05:00:00","m",2.3,2.8,"27.774022","85.425821"
"Bagmati River at Sundarijal","Bagmati","0.78","2019-07-21 23:30:00","2019-07-22 05:15:00","m",2.3,2.8,"27.774022","85.425821"
"Bagmati River at Sundarijal","Bagmati","0.78","2019-07-21 23:30:00","2019-07-22 05:15:00","m",2.3,2.8,"27.774022","85.425821"
"Bagmati River at Sundarijal","Bagmati","0.78","2019-07-22 01:45:00","2019-07-22 07:30:00","m",2.3,2.8,"27.774022","85.425821"
"Bagmati River at Sundarijal","Bagmati","0.79","2019-07-22 03:45:00","2019-07-22 09:30:00","m",2.3,2.8,"27.774022","85.425821"
"Bagmati River at Sundarijal","Bagmati","0.79","2019-07-22 05:00:00","2019-07-22 10:45:00","m",2.3,2.8,"27.774022","85.425821"
"Bagmati River at Sundarijal","Bagmati","0.79","2019-07-22 05:30:00","2019-07-22 11:15:00","m",2.3,2.8,"27.774022","85.425821"
"Bagmati River at Sundarijal","Bagmati","0.79","2019-07-22 06:30:00","2019-07-22 12:15:00","m",2.3,2.8,"27.774022","85.425821"
"Bagmati River at Sundarijal","Bagmati","0.79","2019-07-22 06:45:00","2019-07-22 12:30:00","m",2.3,2.8,"27.774022","85.425821"
"Bagmati River at Sundarijal","Bagmati","0.79","2019-07-22 07:00:00","2019-07-22 12:45:00","m",2.3,2.8,"27.774022","85.425821"
"Bagmati River at Sundarijal","Bagmati","0.78","2019-07-22 07:15:00","2019-07-22 13:00:00","m",2.3,2.8,"27.774022","85.425821"
"Bagmati River at Sundarijal","Bagmati","0.78","2019-07-22 07:30:00","2019-07-22 13:15:00","m",2.3,2.8,"27.774022","85.425821"
"Bagmati River at Sundarijal","Bagmati","0.78","2019-07-22 07:45:00","2019-07-22 13:30:00","m",2.3,2.8,"27.774022","85.425821"
"Bagmati River at Sundarijal","Bagmati","0.79","2019-07-22 08:30:00","2019-07-22 14:15:00","m",2.3,2.8,"27.774022","85.425821"
"Bagmati River at Sundarijal","Bagmati","0.78","2019-07-22 09:30:00","2019-07-22 15:15:00","m",2.3,2.8,"27.774022","85.425821"
"Bagmati River at Sundarijal","Bagmati","0.78","2019-07-22 10:30:00","2019-07-22 16:15:00","m",2.3,2.8,"27.774022","85.425821"
"Bagmati River at Sundarijal","Bagmati","0.77","2019-07-22 11:30:00","2019-07-22 17:15:00","m",2.3,2.8,"27.774022","85.425821"
"Bagmati River at Sundarijal","Bagmati","0.77","2019-07-22 11:45:00","2019-07-22 17:30:00","m",2.3,2.8,"27.774022","85.425821"
"Bagmati River at Sundarijal","Bagmati","0.78","2019-07-22 13:30:00","2019-07-22 19:15:00","m",2.3,2.8,"27.774022","85.425821"
"Bagmati River at Sundarijal","Bagmati","0.78","2019-07-22 14:15:00","2019-07-22 20:00:00","m",2.3,2.8,"27.774022","85.425821"
"Bagmati River at Sundarijal","Bagmati","0.77","2019-07-22 14:45:00","2019-07-22 20:30:00","m",2.3,2.8,"27.774022","85.425821"
"Bagmati River at Sundarijal","Bagmati","0.77","2019-07-22 15:30:00","2019-07-22 21:15:00","m",2.3,2.8,"27.774022","85.425821"
"Bagmati River at Sundarijal","Bagmati","0.77","2019-07-22 16:15:00","2019-07-22 22:00:00","m",2.3,2.8,"27.774022","85.425821"
"Bagmati River at Sundarijal","Bagmati","0.77","2019-07-22 16:45:00","2019-07-22 22:30:00","m",2.3,2.8,"27.774022","85.425821"
"Bagmati River at Sundarijal","Bagmati","0.77","2019-07-22 16:45:00","2019-07-22 22:30:00","m",2.3,2.8,"27.774022","85.425821"
"Bagmati River at Sundarijal","Bagmati","0.77","2019-07-22 16:45:00","2019-07-22 22:30:00","m",2.3,2.8,"27.774022","85.425821"
"Bagmati River at Sundarijal","Bagmati","0.77","2019-07-22 18:30:00","2019-07-23 00:15:00","m",2.3,2.8,"27.774022","85.425821"
"Bagmati River at Sundarijal","Bagmati","0.77","2019-07-22 19:15:00","2019-07-23 01:00:00","m",2.3,2.8,"27.774022","85.425821"
"Bagmati River at Sundarijal","Bagmati","0.77","2019-07-22 19:30:00","2019-07-23 01:15:00","m",2.3,2.8,"27.774022","85.425821"
"Bagmati River at Sundarijal","Bagmati","0.77","2019-07-22 19:30:00","2019-07-23 01:15:00","m",2.3,2.8,"27.774022","85.425821"
"Bagmati River at Sundarijal","Bagmati","0.77","2019-07-22 20:15:00","2019-07-23 02:00:00","m",2.3,2.8,"27.774022","85.425821"
"Bagmati River at Sundarijal","Bagmati","0.77","2019-07-22 20:15:00","2019-07-23 02:00:00","m",2.3,2.8,"27.774022","85.425821"
"Bagmati River at Sundarijal","Bagmati","0.77","2019-07-22 20:45:00","2019-07-23 02:30:00","m",2.3,2.8,"27.774022","85.425821"
"Bagmati River at Sundarijal","Bagmati","0.77","2019-07-22 21:30:00","2019-07-23 03:15:00","m",2.3,2.8,"27.774022","85.425821"
"Bagmati River at Sundarijal","Bagmati","0.77","2019-07-23 00:00:00","2019-07-23 05:45:00","m",2.3,2.8,"27.774022","85.425821"
"Bagmati River at Sundarijal","Bagmati","0.79","2019-07-23 01:30:00","2019-07-23 07:15:00","m",2.3,2.8,"27.774022","85.425821"
"Bagmati River at Sundarijal","Bagmati","0.79","2019-07-23 02:00:00","2019-07-23 07:45:00","m",2.3,2.8,"27.774022","85.425821"
"Bagmati River at Sundarijal","Bagmati","0.79","2019-07-23 02:15:00","2019-07-23 08:00:00","m",2.3,2.8,"27.774022","85.425821"
"Bagmati River at Sundarijal","Bagmati","0.79","2019-07-23 03:00:00","2019-07-23 08:45:00","m",2.3,2.8,"27.774022","85.425821"
"Bagmati River at Sundarijal","Bagmati","0.79","2019-07-23 03:30:00","2019-07-23 09:15:00","m",2.3,2.8,"27.774022","85.425821"
"Bagmati River at Sundarijal","Bagmati","0.80","2019-07-23 04:30:00","2019-07-23 10:15:00","m",2.3,2.8,"27.774022","85.425821"
"Bagmati River at Sundarijal","Bagmati","0.80","2019-07-23 04:30:00","2019-07-23 10:15:00","m",2.3,2.8,"27.774022","85.425821"
"Bagmati River at Sundarijal","Bagmati","0.81","2019-07-23 05:00:00","2019-07-23 10:45:00","m",2.3,2.8,"27.774022","85.425821"
"Bagmati River at Sundarijal","Bagmati","0.81","2019-07-23 05:15:00","2019-07-23 11:00:00","m",2.3,2.8,"27.774022","85.425821"
"Bagmati River at Sundarijal","Bagmati","0.81","2019-07-23 05:15:00","2019-07-23 11:00:00","m",2.3,2.8,"27.774022","85.425821"
"Bagmati River at Sundarijal","Bagmati","0.80","2019-07-23 06:00:00","2019-07-23 11:45:00","m",2.3,2.8,"27.774022","85.425821"
"Bagmati River at Sundarijal","Bagmati","0.79","2019-07-23 06:45:00","2019-07-23 12:30:00","m",2.3,2.8,"27.774022","85.425821"
"Bagmati River at Sundarijal","Bagmati","0.79","2019-07-23 07:45:00","2019-07-23 13:30:00","m",2.3,2.8,"27.774022","85.425821"
"Bagmati River at Sundarijal","Bagmati","0.79","2019-07-23 08:15:00","2019-07-23 14:00:00","m",2.3,2.8,"27.774022","85.425821"
"Bagmati River at Sundarijal","Bagmati","0.79","2019-07-23 08:45:00","2019-07-23 14:30:00","m",2.3,2.8,"27.774022","85.425821"
"Bagmati River at Sundarijal","Bagmati","0.79","2019-07-23 09:30:00","2019-07-23 15:15:00","m",2.3,2.8,"27.774022","85.425821"
"Bagmati River at Sundarijal","Bagmati","0.79","2019-07-23 09:45:00","2019-07-23 15:30:00","m",2.3,2.8,"27.774022","85.425821"
"Bagmati River at Sundarijal","Bagmati","0.79","2019-07-23 10:00:00","2019-07-23 15:45:00","m",2.3,2.8,"27.774022","85.425821"
"Bagmati River at Sundarijal","Bagmati","0.79","2019-07-23 10:30:00","2019-07-23 16:15:00","m",2.3,2.8,"27.774022","85.425821"
"Bagmati River at Sundarijal","Bagmati","0.79","2019-07-23 10:45:00","2019-07-23 16:30:00","m",2.3,2.8,"27.774022","85.425821"
"Bagmati River at Sundarijal","Bagmati","0.79","2019-07-23 10:45:00","2019-07-23 16:30:00","m",2.3,2.8,"27.774022","85.425821"
"Bagmati River at Sundarijal","Bagmati","0.78","2019-07-23 11:00:00","2019-07-23 16:45:00","m",2.3,2.8,"27.774022","85.425821"
"Bagmati River at Sundarijal","Bagmati","0.78","2019-07-23 11:00:00","2019-07-23 16:45:00","m",2.3,2.8,"27.774022","85.425821"
"Bagmati River at Sundarijal","Bagmati","0.78","2019-07-23 11:30:00","2019-07-23 17:15:00","m",2.3,2.8,"27.774022","85.425821"
"Bagmati River at Sundarijal","Bagmati","0.78","2019-07-23 11:30:00","2019-07-23 17:15:00","m",2.3,2.8,"27.774022","85.425821"
"Bagmati River at Sundarijal","Bagmati","0.78","2019-07-23 12:00:00","2019-07-23 17:45:00","m",2.3,2.8,"27.774022","85.425821"
"Bagmati River at Sundarijal","Bagmati","0.77","2019-07-23 13:30:00","2019-07-23 19:15:00","m",2.3,2.8,"27.774022","85.425821"
"Bagmati River at Sundarijal","Bagmati","0.77","2019-07-23 14:30:00","2019-07-23 20:15:00","m",2.3,2.8,"27.774022","85.425821"
"Bagmati River at Sundarijal","Bagmati","0.77","2019-07-23 15:45:00","2019-07-23 21:30:00","m",2.3,2.8,"27.774022","85.425821"
"Bagmati River at Sundarijal","Bagmati","0.78","2019-07-23 16:45:00","2019-07-23 22:30:00","m",2.3,2.8,"27.774022","85.425821"
"Bagmati River at Sundarijal","Bagmati","0.78","2019-07-23 17:15:00","2019-07-23 23:00:00","m",2.3,2.8,"27.774022","85.425821"
"Bagmati River at Sundarijal","Bagmati","0.78","2019-07-23 17:30:00","2019-07-23 23:15:00","m",2.3,2.8,"27.774022","85.425821"
"Bagmati River at Sundarijal","Bagmati","0.78","2019-07-23 17:30:00","2019-07-23 23:15:00","m",2.3,2.8,"27.774022","85.425821"
"Bagmati River at Sundarijal","Bagmati","0.78","2019-07-23 18:30:00","2019-07-24 00:15:00","m",2.3,2.8,"27.774022","85.425821"
"Bagmati River at Sundarijal","Bagmati","0.79","2019-07-23 19:30:00","2019-07-24 01:15:00","m",2.3,2.8,"27.774022","85.425821"
"Bagmati River at Sundarijal","Bagmati","0.79","2019-07-23 19:30:00","2019-07-24 01:15:00","m",2.3,2.8,"27.774022","85.425821"
"Bagmati River at Sundarijal","Bagmati","0.79","2019-07-23 21:00:00","2019-07-24 02:45:00","m",2.3,2.8,"27.774022","85.425821"
"Bagmati River at Sundarijal","Bagmati","0.78","2019-07-23 21:45:00","2019-07-24 03:30:00","m",2.3,2.8,"27.774022","85.425821"
"Bagmati River at Sundarijal","Bagmati","0.78","2019-07-23 23:30:00","2019-07-24 05:15:00","m",2.3,2.8,"27.774022","85.425821"
"Bagmati River at Sundarijal","Bagmati","0.78","2019-07-24 00:00:00","2019-07-24 05:45:00","m",2.3,2.8,"27.774022","85.425821"
"Bagmati River at Sundarijal","Bagmati","0.78","2019-07-24 00:45:00","2019-07-24 06:30:00","m",2.3,2.8,"27.774022","85.425821"
"Bagmati River at Sundarijal","Bagmati","0.78","2019-07-24 00:45:00","2019-07-24 06:30:00","m",2.3,2.8,"27.774022","85.425821"
"Bagmati River at Sundarijal","Bagmati","0.77","2019-07-24 02:30:00","2019-07-24 08:15:00","m",2.3,2.8,"27.774022","85.425821"
"Bagmati River at Sundarijal","Bagmati","0.77","2019-07-24 03:00:00","2019-07-24 08:45:00","m",2.3,2.8,"27.774022","85.425821"
"Bagmati River at Sundarijal","Bagmati","0.77","2019-07-24 03:45:00","2019-07-24 09:30:00","m",2.3,2.8,"27.774022","85.425821"
"Bagmati River at Sundarijal","Bagmati","0.77","2019-07-24 04:45:00","2019-07-24 10:30:00","m",2.3,2.8,"27.774022","85.425821"
"Bagmati River at Sundarijal","Bagmati","0.77","2019-07-24 05:00:00","2019-07-24 10:45:00","m",2.3,2.8,"27.774022","85.425821"
"Bagmati River at Sundarijal","Bagmati","0.77","2019-07-24 07:15:00","2019-07-24 13:00:00","m",2.3,2.8,"27.774022","85.425821"
"Bagmati River at Sundarijal","Bagmati","0.77","2019-07-24 07:30:00","2019-07-24 13:15:00","m",2.3,2.8,"27.774022","85.425821"
"Bagmati River at Sundarijal","Bagmati","0.77","2019-07-24 07:45:00","2019-07-24 13:30:00","m",2.3,2.8,"27.774022","85.425821"
"Bagmati River at Sundarijal","Bagmati","0.77","2019-07-24 08:15:00","2019-07-24 14:00:00","m",2.3,2.8,"27.774022","85.425821"
"Bagmati River at Sundarijal","Bagmati","0.77","2019-07-24 10:00:00","2019-07-24 15:45:00","m",2.3,2.8,"27.774022","85.425821"
"Bagmati River at Sundarijal","Bagmati","0.77","2019-07-24 10:30:00","2019-07-24 16:15:00","m",2.3,2.8,"27.774022","85.425821"
"Bagmati River at Sundarijal","Bagmati","0.77","2019-07-24 10:45:00","2019-07-24 16:30:00","m",2.3,2.8,"27.774022","85.425821"
"Bagmati River at Sundarijal","Bagmati","0.77","2019-07-24 11:00:00","2019-07-24 16:45:00","m",2.3,2.8,"27.774022","85.425821"
"Bagmati River at Sundarijal","Bagmati","0.76","2019-07-24 12:00:00","2019-07-24 17:45:00","m",2.3,2.8,"27.774022","85.425821"
"Bagmati River at Sundarijal","Bagmati","0.77","2019-07-24 13:00:00","2019-07-24 18:45:00","m",2.3,2.8,"27.774022","85.425821"
"Bagmati River at Sundarijal","Bagmati","0.76","2019-07-24 13:45:00","2019-07-24 19:30:00","m",2.3,2.8,"27.774022","85.425821"
"Bagmati River at Sundarijal","Bagmati","0.76","2019-07-24 14:45:00","2019-07-24 20:30:00","m",2.3,2.8,"27.774022","85.425821"
"Bagmati River at Sundarijal","Bagmati","0.76","2019-07-24 15:30:00","2019-07-24 21:15:00","m",2.3,2.8,"27.774022","85.425821"
"Bagmati River at Sundarijal","Bagmati","0.76","2019-07-25 04:30:00","2019-07-25 10:15:00","m",2.3,2.8,"27.774022","85.425821"